Alabama,Jefferson,Joseph R Biden Jr
Alabama,Montgomery,Joseph R Biden Jr
Alabama,Russell,Joseph R Biden Jr
Alaska,District 33,Joseph R Biden Jr
Alaska,District 99,Joseph R Biden Jr
Arizona,Coconino,Joseph R Biden Jr
Arizona,Maricopa,Joseph R Biden Jr
Arizona,Pima,Joseph R Biden Jr
California,Alameda,Joseph R Biden Jr
California,Alpine,Joseph R Biden Jr
California,Contra Costa,Joseph R Biden Jr
California,Fresno,Joseph R Biden Jr
California,Humboldt,Joseph R Biden Jr
California,Imperial,Joseph R Biden Jr
California,Lake,Joseph R Biden Jr
California,Los Angeles,Joseph R Biden Jr
California,Marin,Joseph R Biden Jr
California,Mendocino,Joseph R Biden Jr
California,Merced,Joseph R Biden Jr
California,Mono,Joseph R Biden Jr
California,Monterey,Joseph R Biden Jr
California,Napa,Joseph R Biden Jr
California,Nevada,Joseph R Biden Jr
California,Orange,Joseph R Biden Jr
California,Riverside,Joseph R Biden Jr
California,Sacramento,Joseph R Biden Jr
California,San Benito,Joseph R Biden Jr
California,San Bernardino,Joseph R Biden Jr
California,San Diego,Joseph R Biden Jr
California,San Francisco,Joseph R Biden Jr
California,San Joaquin,Joseph R Biden Jr
California,San Luis Obispo,Joseph R Biden Jr
California,San Mateo,Joseph R Biden Jr
California,Santa Barbara,Joseph R Biden Jr
California,Santa Clara,Joseph R Biden Jr
California,Santa Cruz,Joseph R Biden Jr
California,Solano,Joseph R Biden Jr
California,Sonoma,Joseph R Biden Jr
California,Stanislaus,Joseph R Biden Jr
California,Ventura,Joseph R Biden Jr
California,Yolo,Joseph R Biden Jr
Colorado,Adams,Joseph R Biden Jr
Colorado,Arapahoe,Joseph R Biden Jr
Colorado,Boulder,Joseph R Biden Jr
Colorado,Broomfield,Joseph R Biden Jr
Colorado,Chaffee,Joseph R Biden Jr
Colorado,Clear Creek,Joseph R Biden Jr
Colorado,Denver,Joseph R Biden Jr
Colorado,Eagle,Joseph R Biden Jr
Colorado,Garfield,Joseph R Biden Jr
Colorado,Gilpin,Joseph R Biden Jr
Colorado,Gunnison,Joseph R Biden Jr
Colorado,Jefferson,Joseph R Biden Jr
Colorado,Lake,Joseph R Biden Jr
Colorado,La Plata,Joseph R Biden Jr
Colorado,Larimer,Joseph R Biden Jr
Colorado,Ouray,Joseph R Biden Jr
Colorado,Pitkin,Joseph R Biden Jr
Colorado,Pueblo,Joseph R Biden Jr
Colorado,Routt,Joseph R Biden Jr
Colorado,Saguache,Joseph R Biden Jr
Colorado,San Juan,Joseph R Biden Jr
Colorado,San Miguel,Joseph R Biden Jr
Colorado,Summit,Joseph R Biden Jr
Connecticut,Fairfield,Joseph R Biden Jr
Connecticut,Hartford,Joseph R Biden Jr
Connecticut,Middlesex,Joseph R Biden Jr
Connecticut,New Haven,Joseph R Biden Jr
Connecticut,New London,Joseph R Biden Jr
Delaware,Kent,Joseph R Biden Jr
Delaware,New Castle,Joseph R Biden Jr
District Of Columbia,District Of Columbia,Joseph R Biden Jr
Florida,Alachua,Joseph R Biden Jr
Florida,Broward,Joseph R Biden Jr
Florida,Duval,Joseph R Biden Jr
Florida,Gadsden,Joseph R Biden Jr
Florida,Hillsborough,Joseph R Biden Jr
Florida,Leon,Joseph R Biden Jr
Florida,Orange,Joseph R Biden Jr
Florida,Osceola,Joseph R Biden Jr
Florida,Palm Beach,Joseph R Biden Jr
Florida,Pinellas,Joseph R Biden Jr
Florida,Seminole,Joseph R Biden Jr
Hawaii,Hawaii,Joseph R Biden Jr
Hawaii,Honolulu,Joseph R Biden Jr
Hawaii,Kauai,Joseph R Biden Jr
Hawaii,Maui,Joseph R Biden Jr
Idaho,Blaine,Joseph R Biden Jr
Idaho,Latah,Joseph R Biden Jr
Idaho,Teton,Joseph R Biden Jr
Illinois,Champaign,Joseph R Biden Jr
Illinois,Cook,Joseph R Biden Jr
Illinois,Dupage,Joseph R Biden Jr
Illinois,Kane,Joseph R Biden Jr
Illinois,Kendall,Joseph R Biden Jr
Illinois,Lake,Joseph R Biden Jr
Illinois,Will,Joseph R Biden Jr
Indiana,Marion,Joseph R Biden Jr
Kansas,Douglas,Joseph R Biden Jr
Kansas,Johnson,Joseph R Biden Jr
Kansas,Riley,Joseph R Biden Jr
Kentucky,Fayette,Joseph R Biden Jr
Kentucky,Jefferson,Joseph R Biden Jr
Louisiana,East Baton Rouge,Joseph R Biden Jr
Louisiana,St. John The Baptist,Joseph R Biden Jr
Maine,Cumberland,Joseph R Biden Jr
Maine,Hancock,Joseph R Biden Jr
Maine,Knox,Joseph R Biden Jr
Maine,Lincoln,Joseph R Biden Jr
Maine,Sagadahoc,Joseph R Biden Jr
Maine,Waldo,Joseph R Biden Jr
Maine,York,Joseph R Biden Jr
Michigan,Ingham,Joseph R Biden Jr
Michigan,Kalamazoo,Joseph R Biden Jr
Michigan,Kent,Joseph R Biden Jr
Michigan,Leelanau,Joseph R Biden Jr
Michigan,Marquette,Joseph R Biden Jr
Michigan,Oakland,Joseph R Biden Jr
Michigan,Washtenaw,Joseph R Biden Jr
Minnesota,Cook,Joseph R Biden Jr
Minnesota,Dakota,Joseph R Biden Jr
Minnesota,Hennepin,Joseph R Biden Jr
Minnesota,Olmsted,Joseph R Biden Jr
Minnesota,Ramsey,Joseph R Biden Jr
Minnesota,Washington,Joseph R Biden Jr
Mississippi,Oktibbeha,Joseph R Biden Jr
Missouri,Boone,Joseph R Biden Jr
Nevada,Clark,Joseph R Biden Jr
Nevada,Washoe,Joseph R Biden Jr
New Hampshire,Carroll,Joseph R Biden Jr
New Hampshire,Grafton,Joseph R Biden Jr
New Hampshire,Hillsborough,Joseph R Biden Jr
New Hampshire,Merrimack,Joseph R Biden Jr
New Hampshire,Rockingham,Joseph R Biden Jr
New Hampshire,Strafford,Joseph R Biden Jr
New Jersey,Atlantic,Joseph R Biden Jr
New Jersey,Bergen,Joseph R Biden Jr
New Jersey,Burlington,Joseph R Biden Jr
New Jersey,Camden,Joseph R Biden Jr
New Jersey,Essex,Joseph R Biden Jr
New Jersey,Gloucester,Joseph R Biden Jr
New Jersey,Hudson,Joseph R Biden Jr
New Jersey,Mercer,Joseph R Biden Jr
New Jersey,Middlesex,Joseph R Biden Jr
New Jersey,Morris,Joseph R Biden Jr
New Jersey,Passaic,Joseph R Biden Jr
New Jersey,Somerset,Joseph R Biden Jr
New Jersey,Union,Joseph R Biden Jr
New Mexico,Bernalillo,Joseph R Biden Jr
New Mexico,Dona Ana,Joseph R Biden Jr
New Mexico,Los Alamos,Joseph R Biden Jr
New Mexico,Mckinley,Joseph R Biden Jr
New Mexico,Sandoval,Joseph R Biden Jr
New Mexico,Santa Fe,Joseph R Biden Jr
New York,Albany,Joseph R Biden Jr
New York,Bronx,Joseph R Biden Jr
New York,Columbia,Joseph R Biden Jr
New York,Dutchess,Joseph R Biden Jr
New York,Erie,Joseph R Biden Jr
New York,Kings,Joseph R Biden Jr
New York,Monroe,Joseph R Biden Jr
New York,Nassau,Joseph R Biden Jr
New York,New York,Joseph R Biden Jr
New York,Onondaga,Joseph R Biden Jr
New York,Queens,Joseph R Biden Jr
New York,Rensselaer,Joseph R Biden Jr
New York,Rockland,Joseph R Biden Jr
New York,Saratoga,Joseph R Biden Jr
New York,Schenectady,Joseph R Biden Jr
New York,Tompkins,Joseph R Biden Jr
New York,Ulster,Joseph R Biden Jr
New York,Westchester,Joseph R Biden Jr
Oregon,Benton,Joseph R Biden Jr
Oregon,Clackamas,Joseph R Biden Jr
Oregon,Clatsop,Joseph R Biden Jr
Oregon,Deschutes,Joseph R Biden Jr
Oregon,Hood River,Joseph R Biden Jr
Oregon,Lane,Joseph R Biden Jr
Oregon,Lincoln,Joseph R Biden Jr
Oregon,Marion,Joseph R Biden Jr
Oregon,Multnomah,Joseph R Biden Jr
Oregon,Washington,Joseph R Biden Jr
Pennsylvania,Allegheny,Joseph R Biden Jr
Pennsylvania,Bucks,Joseph R Biden Jr
Pennsylvania,Chester,Joseph R Biden Jr
Pennsylvania,Dauphin,Joseph R Biden Jr
Pennsylvania,Delaware,Joseph R Biden Jr
Pennsylvania,Lehigh,Joseph R Biden Jr
Pennsylvania,Monroe,Joseph R Biden Jr
Pennsylvania,Montgomery,Joseph R Biden Jr
Pennsylvania,Northampton,Joseph R Biden Jr
Pennsylvania,Philadelphia,Joseph R Biden Jr
Rhode Island,Bristol,Joseph R Biden Jr
Rhode Island,Kent,Joseph R Biden Jr
Rhode Island,Newport,Joseph R Biden Jr
Rhode Island,Washington,Joseph R Biden Jr
Rhode Island,Federal Precinct,Joseph R Biden Jr
Texas,Bexar,Joseph R Biden Jr
Texas,Cameron,Joseph R Biden Jr
Texas,Dallas,Joseph R Biden Jr
Texas,El Paso,Joseph R Biden Jr
Texas,Fort Bend,Joseph R Biden Jr
Texas,Harris,Joseph R Biden Jr
Texas,Hays,Joseph R Biden Jr
Texas,Hidalgo,Joseph R Biden Jr
Texas,Presidio,Joseph R Biden Jr
Texas,Tarrant,Joseph R Biden Jr
Texas,Travis,Joseph R Biden Jr
Texas,Williamson,Joseph R Biden Jr
Vermont,Addison,Joseph R Biden Jr
Vermont,Chittenden,Joseph R Biden Jr
Vermont,Franklin,Joseph R Biden Jr
Vermont,Grand Isle,Joseph R Biden Jr
Vermont,Lamoille,Joseph R Biden Jr
Vermont,Washington,Joseph R Biden Jr
Vermont,Windham,Joseph R Biden Jr
Vermont,Windsor,Joseph R Biden Jr
Massachusetts,Barnstable,Joseph R Biden Jr
Massachusetts,Berkshire,Joseph R Biden Jr
Massachusetts,Bristol,Joseph R Biden Jr
Massachusetts,Dukes,Joseph R Biden Jr
Massachusetts,Essex,Joseph R Biden Jr
Massachusetts,Franklin,Joseph R Biden Jr
Massachusetts,Hampden,Joseph R Biden Jr
Massachusetts,Hampshire,Joseph R Biden Jr
Massachusetts,Middlesex,Joseph R Biden Jr
Massachusetts,Nantucket,Joseph R Biden Jr
Massachusetts,Norfolk,Joseph R Biden Jr
Massachusetts,Plymouth,Joseph R Biden Jr
Massachusetts,Suffolk,Joseph R Biden Jr
Massachusetts,Worcester,Joseph R Biden Jr
Montana,Gallatin,Joseph R Biden Jr
Montana,Glacier,Joseph R Biden Jr
Montana,Missoula,Joseph R Biden Jr
Nebraska,Douglas,Joseph R Biden Jr
Nebraska,Lancaster,Joseph R Biden Jr
Ohio,Franklin,Joseph R Biden Jr
Ohio,Hamilton,Joseph R Biden Jr
Tennessee,Davidson,Joseph R Biden Jr
Utah,Grand,Joseph R Biden Jr
Utah,Salt Lake,Joseph R Biden Jr
Utah,Summit,Joseph R Biden Jr
Virginia,Albemarle,Joseph R Biden Jr
Virginia,Loudoun,Joseph R Biden Jr
Virginia,Prince William,Joseph R Biden Jr
Virginia,Alexandria City,Joseph R Biden Jr
Virginia,Charlottesville City,Joseph R Biden Jr
Virginia,Chesapeake City,Joseph R Biden Jr
Virginia,Danville City,Joseph R Biden Jr
Virginia,Emporia City,Joseph R Biden Jr
Virginia,Fairfax City,Joseph R Biden Jr
Virginia,Falls Church City,Joseph R Biden Jr
Virginia,Franklin City,Joseph R Biden Jr
Virginia,Fredericksburg City,Joseph R Biden Jr
Virginia,Hampton City,Joseph R Biden Jr
Virginia,Harrisonburg City,Joseph R Biden Jr
Virginia,Hopewell City,Joseph R Biden Jr
Virginia,Lexington City,Joseph R Biden Jr
Virginia,Lynchburg City,Joseph R Biden Jr
Virginia,Manassas City,Joseph R Biden Jr
Virginia,Manassas Park City,Joseph R Biden Jr
Virginia,Martinsville City,Joseph R Biden Jr
Virginia,Newport News City,Joseph R Biden Jr
Virginia,Norfolk City,Joseph R Biden Jr
Virginia,Petersburg City,Joseph R Biden Jr
Virginia,Portsmouth City,Joseph R Biden Jr
Virginia,Radford City,Joseph R Biden Jr
Virginia,Richmond City,Joseph R Biden Jr
Virginia,Roanoke City,Joseph R Biden Jr
Virginia,Staunton City,Joseph R Biden Jr
Virginia,Suffolk City,Joseph R Biden Jr
Virginia,Virginia Beach City,Joseph R Biden Jr
Virginia,Waynesboro City,Joseph R Biden Jr
Virginia,Williamsburg City,Joseph R Biden Jr
Virginia,Winchester City,Joseph R Biden Jr
Washington,Clallam,Joseph R Biden Jr
Washington,Clark,Joseph R Biden Jr
Washington,Island,Joseph R Biden Jr
Washington,Jefferson,Joseph R Biden Jr
Washington,King,Joseph R Biden Jr
Washington,Kitsap,Joseph R Biden Jr
Washington,Pierce,Joseph R Biden Jr
Washington,San Juan,Joseph R Biden Jr
Washington,Skagit,Joseph R Biden Jr
Washington,Snohomish,Joseph R Biden Jr
Washington,Thurston,Joseph R Biden Jr
Washington,Whatcom,Joseph R Biden Jr
Washington,Whitman,Joseph R Biden Jr
Wisconsin,Bayfield,Joseph R Biden Jr
Wisconsin,Dane,Joseph R Biden Jr
Wyoming,Albany,Joseph R Biden Jr
Wyoming,Teton,Joseph R Biden Jr
South Dakota,Brookings,Donald J Trump
South Dakota,Brown,Donald J Trump
South Dakota,Brule,Donald J Trump
Utah,Box Elder,Donald J Trump
Alabama,Autauga,Donald J Trump
Alabama,Baldwin,Donald J Trump
Alabama,Bibb,Donald J Trump
Alabama,Blount,Donald J Trump
Alabama,Calhoun,Donald J Trump
Alabama,Chambers,Donald J Trump
Alabama,Cherokee,Donald J Trump
Alabama,Chilton,Donald J Trump
Alabama,Choctaw,Donald J Trump
Alabama,Clay,Donald J Trump
Alabama,Cleburne,Donald J Trump
Alabama,Coffee,Donald J Trump
Alabama,Colbert,Donald J Trump
Alabama,Coosa,Donald J Trump
Alabama,Covington,Donald J Trump
Alabama,Crenshaw,Donald J Trump
Alabama,Cullman,Donald J Trump
Alabama,Dale,Donald J Trump
Alabama,Dekalb,Donald J Trump
Alabama,Elmore,Donald J Trump
Alabama,Escambia,Donald J Trump
Alabama,Etowah,Donald J Trump
Alabama,Fayette,Donald J Trump
Alabama,Franklin,Donald J Trump
Alabama,Geneva,Donald J Trump
Alabama,Henry,Donald J Trump
Alabama,Houston,Donald J Trump
Alabama,Jackson,Donald J Trump
Alabama,Lamar,Donald J Trump
Alabama,Lauderdale,Donald J Trump
Alabama,Lawrence,Donald J Trump
Alabama,Lee,Donald J Trump
Alabama,Limestone,Donald J Trump
Alabama,Madison,Donald J Trump
Alabama,Marion,Donald J Trump
Alabama,Marshall,Donald J Trump
Alabama,Mobile,Donald J Trump
Alabama,Morgan,Donald J Trump
Alabama,Pickens,Donald J Trump
Alabama,Pike,Donald J Trump
Alabama,Randolph,Donald J Trump
Alabama,St. Clair,Donald J Trump
Alabama,Shelby,Donald J Trump
Alabama,Talladega,Donald J Trump
Alabama,Tallapoosa,Donald J Trump
Alabama,Tuscaloosa,Donald J Trump
Alabama,Walker,Donald J Trump
Alabama,Washington,Donald J Trump
Alabama,Winston,Donald J Trump
Alaska,District 8,Donald J Trump
Alaska,District 9,Donald J Trump
Alaska,District 10,Donald J Trump
Arizona,Gila,Donald J Trump
Arizona,Pinal,Donald J Trump
Arizona,Yavapai,Donald J Trump
Arizona,Yuma,Donald J Trump
California,Amador,Donald J Trump
California,Calaveras,Donald J Trump
California,Colusa,Donald J Trump
California,Del Norte,Donald J Trump
California,El Dorado,Donald J Trump
California,Glenn,Donald J Trump
California,Kern,Donald J Trump
California,Kings,Donald J Trump
California,Lassen,Donald J Trump
California,Madera,Donald J Trump
California,Mariposa,Donald J Trump
California,Placer,Donald J Trump
California,Shasta,Donald J Trump
California,Siskiyou,Donald J Trump
California,Sutter,Donald J Trump
California,Tehama,Donald J Trump
California,Tulare,Donald J Trump
California,Tuolumne,Donald J Trump
California,Yuba,Donald J Trump
Colorado,Alamosa,Donald J Trump
Colorado,Archuleta,Donald J Trump
Colorado,Baca,Donald J Trump
Colorado,Bent,Donald J Trump
Colorado,Cheyenne,Donald J Trump
Colorado,Conejos,Donald J Trump
Colorado,Crowley,Donald J Trump
Colorado,Custer,Donald J Trump
Colorado,Delta,Donald J Trump
Colorado,Dolores,Donald J Trump
Colorado,Douglas,Donald J Trump
Colorado,Elbert,Donald J Trump
Colorado,El Paso,Donald J Trump
Colorado,Fremont,Donald J Trump
Colorado,Grand,Donald J Trump
Colorado,Huerfano,Donald J Trump
Colorado,Kiowa,Donald J Trump
Colorado,Kit Carson,Donald J Trump
Colorado,Las Animas,Donald J Trump
Colorado,Lincoln,Donald J Trump
Colorado,Logan,Donald J Trump
Colorado,Mesa,Donald J Trump
Colorado,Mineral,Donald J Trump
Colorado,Moffat,Donald J Trump
Colorado,Montezuma,Donald J Trump
Colorado,Montrose,Donald J Trump
Colorado,Morgan,Donald J Trump
Colorado,Otero,Donald J Trump
Colorado,Park,Donald J Trump
Colorado,Phillips,Donald J Trump
Colorado,Prowers,Donald J Trump
Colorado,Rio Blanco,Donald J Trump
Colorado,Rio Grande,Donald J Trump
Colorado,Sedgwick,Donald J Trump
Colorado,Teller,Donald J Trump
Colorado,Washington,Donald J Trump
Colorado,Weld,Donald J Trump
Colorado,Yuma,Donald J Trump
Connecticut,Litchfield,Donald J Trump
Delaware,Sussex,Donald J Trump
Florida,Baker,Donald J Trump
Florida,Bay,Donald J Trump
Florida,Bradford,Donald J Trump
Florida,Brevard,Donald J Trump
Florida,Calhoun,Donald J Trump
Florida,Charlotte,Donald J Trump
Florida,Citrus,Donald J Trump
Florida,Clay,Donald J Trump
Florida,Collier,Donald J Trump
Florida,Columbia,Donald J Trump
Florida,Desoto,Donald J Trump
Florida,Dixie,Donald J Trump
Florida,Escambia,Donald J Trump
Florida,Flagler,Donald J Trump
Florida,Franklin,Donald J Trump
Florida,Gilchrist,Donald J Trump
Florida,Glades,Donald J Trump
Florida,Gulf,Donald J Trump
Florida,Hamilton,Donald J Trump
Florida,Hardee,Donald J Trump
Florida,Hendry,Donald J Trump
Florida,Hernando,Donald J Trump
Florida,Highlands,Donald J Trump
Florida,Holmes,Donald J Trump
Florida,Indian River,Donald J Trump
Florida,Jackson,Donald J Trump
Florida,Jefferson,Donald J Trump
Florida,Lafayette,Donald J Trump
Florida,Lake,Donald J Trump
Florida,Lee,Donald J Trump
Florida,Levy,Donald J Trump
Florida,Liberty,Donald J Trump
Florida,Madison,Donald J Trump
Florida,Manatee,Donald J Trump
Florida,Marion,Donald J Trump
Florida,Martin,Donald J Trump
Florida,Monroe,Donald J Trump
Florida,Nassau,Donald J Trump
Florida,Okaloosa,Donald J Trump
Florida,Okeechobee,Donald J Trump
Florida,Pasco,Donald J Trump
Florida,Polk,Donald J Trump
Florida,Putnam,Donald J Trump
Florida,St. Johns,Donald J Trump
Florida,St. Lucie,Donald J Trump
Florida,Santa Rosa,Donald J Trump
Florida,Sarasota,Donald J Trump
Florida,Sumter,Donald J Trump
Florida,Suwannee,Donald J Trump
Florida,Taylor,Donald J Trump
Florida,Union,Donald J Trump
Florida,Volusia,Donald J Trump
Florida,Wakulla,Donald J Trump
Florida,Walton,Donald J Trump
Florida,Washington,Donald J Trump
Idaho,Ada,Donald J Trump
Idaho,Adams,Donald J Trump
Idaho,Bannock,Donald J Trump
Idaho,Bear Lake,Donald J Trump
Idaho,Benewah,Donald J Trump
Idaho,Bingham,Donald J Trump
Idaho,Boise,Donald J Trump
Idaho,Bonner,Donald J Trump
Idaho,Bonneville,Donald J Trump
Idaho,Boundary,Donald J Trump
Idaho,Butte,Donald J Trump
Idaho,Camas,Donald J Trump
Idaho,Canyon,Donald J Trump
Idaho,Caribou,Donald J Trump
Idaho,Cassia,Donald J Trump
Idaho,Clearwater,Donald J Trump
Idaho,Custer,Donald J Trump
Idaho,Elmore,Donald J Trump
Idaho,Franklin,Donald J Trump
Idaho,Fremont,Donald J Trump
Idaho,Gem,Donald J Trump
Idaho,Gooding,Donald J Trump
Idaho,Idaho,Donald J Trump
Idaho,Jefferson,Donald J Trump
Idaho,Jerome,Donald J Trump
Idaho,Kootenai,Donald J Trump
Idaho,Lemhi,Donald J Trump
Idaho,Lewis,Donald J Trump
Idaho,Lincoln,Donald J Trump
Idaho,Madison,Donald J Trump
Idaho,Minidoka,Donald J Trump
Idaho,Nez Perce,Donald J Trump
Idaho,Oneida,Donald J Trump
Idaho,Owyhee,Donald J Trump
Idaho,Payette,Donald J Trump
Idaho,Power,Donald J Trump
Idaho,Shoshone,Donald J Trump
Idaho,Twin Falls,Donald J Trump
Idaho,Valley,Donald J Trump
Idaho,Washington,Donald J Trump
Illinois,Adams,Donald J Trump
Illinois,Bond,Donald J Trump
Illinois,Boone,Donald J Trump
Illinois,Brown,Donald J Trump
Illinois,Bureau,Donald J Trump
Illinois,Calhoun,Donald J Trump
Illinois,Carroll,Donald J Trump
Illinois,Cass,Donald J Trump
Illinois,Christian,Donald J Trump
Illinois,Clark,Donald J Trump
Illinois,Clay,Donald J Trump
Illinois,Clinton,Donald J Trump
Illinois,Coles,Donald J Trump
Illinois,Crawford,Donald J Trump
Illinois,Cumberland,Donald J Trump
Illinois,De Witt,Donald J Trump
Illinois,Douglas,Donald J Trump
Illinois,Edgar,Donald J Trump
Illinois,Edwards,Donald J Trump
Illinois,Effingham,Donald J Trump
Illinois,Fayette,Donald J Trump
Illinois,Ford,Donald J Trump
Illinois,Franklin,Donald J Trump
Illinois,Fulton,Donald J Trump
Illinois,Gallatin,Donald J Trump
Illinois,Greene,Donald J Trump
Illinois,Grundy,Donald J Trump
Illinois,Hamilton,Donald J Trump
Illinois,Hancock,Donald J Trump
Illinois,Hardin,Donald J Trump
Illinois,Henderson,Donald J Trump
Illinois,Henry,Donald J Trump
Illinois,Iroquois,Donald J Trump
Illinois,Jasper,Donald J Trump
Illinois,Jefferson,Donald J Trump
Illinois,Jersey,Donald J Trump
Illinois,Jo Daviess,Donald J Trump
Illinois,Johnson,Donald J Trump
Illinois,Kankakee,Donald J Trump
Illinois,Lasalle,Donald J Trump
Illinois,Lawrence,Donald J Trump
Illinois,Lee,Donald J Trump
Illinois,Livingston,Donald J Trump
Illinois,Logan,Donald J Trump
Illinois,Macon,Donald J Trump
Illinois,Macoupin,Donald J Trump
Illinois,Madison,Donald J Trump
Illinois,Marion,Donald J Trump
Illinois,Marshall,Donald J Trump
Illinois,Mason,Donald J Trump
Illinois,Massac,Donald J Trump
Illinois,Menard,Donald J Trump
Illinois,Mercer,Donald J Trump
Illinois,Monroe,Donald J Trump
Illinois,Montgomery,Donald J Trump
Illinois,Morgan,Donald J Trump
Illinois,Moultrie,Donald J Trump
Illinois,Ogle,Donald J Trump
Illinois,Perry,Donald J Trump
Illinois,Piatt,Donald J Trump
Illinois,Pike,Donald J Trump
Illinois,Pope,Donald J Trump
Illinois,Putnam,Donald J Trump
Illinois,Randolph,Donald J Trump
Illinois,Richland,Donald J Trump
Illinois,Schuyler,Donald J Trump
Illinois,Scott,Donald J Trump
Illinois,Shelby,Donald J Trump
Illinois,Stark,Donald J Trump
Illinois,Stephenson,Donald J Trump
Illinois,Tazewell,Donald J Trump
Illinois,Union,Donald J Trump
Illinois,Vermilion,Donald J Trump
Illinois,Wabash,Donald J Trump
Illinois,Warren,Donald J Trump
Illinois,Washington,Donald J Trump
Illinois,Wayne,Donald J Trump
Illinois,White,Donald J Trump
Illinois,Williamson,Donald J Trump
Illinois,Woodford,Donald J Trump
Indiana,Adams,Donald J Trump
Indiana,Allen,Donald J Trump
Indiana,Bartholomew,Donald J Trump
Indiana,Benton,Donald J Trump
Indiana,Blackford,Donald J Trump
Indiana,Boone,Donald J Trump
Indiana,Brown,Donald J Trump
Indiana,Carroll,Donald J Trump
Indiana,Cass,Donald J Trump
Indiana,Clark,Donald J Trump
Indiana,Clay,Donald J Trump
Indiana,Clinton,Donald J Trump
Indiana,Crawford,Donald J Trump
Indiana,Daviess,Donald J Trump
Indiana,Dearborn,Donald J Trump
Indiana,Decatur,Donald J Trump
Indiana,Dekalb,Donald J Trump
Indiana,Dubois,Donald J Trump
Indiana,Elkhart,Donald J Trump
Indiana,Fayette,Donald J Trump
Indiana,Floyd,Donald J Trump
Indiana,Fountain,Donald J Trump
Indiana,Franklin,Donald J Trump
Indiana,Fulton,Donald J Trump
Indiana,Gibson,Donald J Trump
Indiana,Greene,Donald J Trump
Indiana,Hamilton,Donald J Trump
Indiana,Hancock,Donald J Trump
Indiana,Harrison,Donald J Trump
Indiana,Hendricks,Donald J Trump
Indiana,Henry,Donald J Trump
Indiana,Howard,Donald J Trump
Indiana,Huntington,Donald J Trump
Indiana,Jackson,Donald J Trump
Indiana,Jasper,Donald J Trump
Indiana,Jay,Donald J Trump
Indiana,Jefferson,Donald J Trump
Indiana,Jennings,Donald J Trump
Indiana,Johnson,Donald J Trump
Indiana,Knox,Donald J Trump
Indiana,Kosciusko,Donald J Trump
Indiana,Lagrange,Donald J Trump
Indiana,Lawrence,Donald J Trump
Indiana,Marshall,Donald J Trump
Indiana,Martin,Donald J Trump
Indiana,Miami,Donald J Trump
Indiana,Montgomery,Donald J Trump
Indiana,Morgan,Donald J Trump
Indiana,Newton,Donald J Trump
Indiana,Noble,Donald J Trump
Indiana,Orange,Donald J Trump
Indiana,Owen,Donald J Trump
Indiana,Parke,Donald J Trump
Indiana,Perry,Donald J Trump
Indiana,Pike,Donald J Trump
Indiana,Porter,Donald J Trump
Indiana,Posey,Donald J Trump
Indiana,Pulaski,Donald J Trump
Indiana,Putnam,Donald J Trump
Indiana,Randolph,Donald J Trump
Indiana,Ripley,Donald J Trump
Indiana,Rush,Donald J Trump
Indiana,Scott,Donald J Trump
Indiana,Shelby,Donald J Trump
Indiana,Spencer,Donald J Trump
Indiana,Starke,Donald J Trump
Indiana,Steuben,Donald J Trump
Indiana,Sullivan,Donald J Trump
Indiana,Switzerland,Donald J Trump
Indiana,Tipton,Donald J Trump
Indiana,Union,Donald J Trump
Indiana,Vanderburgh,Donald J Trump
Indiana,Vermillion,Donald J Trump
Indiana,Wabash,Donald J Trump
Indiana,Warren,Donald J Trump
Indiana,Warrick,Donald J Trump
Indiana,Washington,Donald J Trump
Indiana,Wayne,Donald J Trump
Indiana,Wells,Donald J Trump
Indiana,White,Donald J Trump
Indiana,Whitley,Donald J Trump
Kansas,Allen,Donald J Trump
Kansas,Anderson,Donald J Trump
Kansas,Atchison,Donald J Trump
Kansas,Barber,Donald J Trump
Kansas,Bourbon,Donald J Trump
Kansas,Brown,Donald J Trump
Kansas,Butler,Donald J Trump
Kansas,Chase,Donald J Trump
Kansas,Cherokee,Donald J Trump
Kansas,Clay,Donald J Trump
Kansas,Cloud,Donald J Trump
Kansas,Coffey,Donald J Trump
Kansas,Cowley,Donald J Trump
Kansas,Crawford,Donald J Trump
Kansas,Dickinson,Donald J Trump
Kansas,Doniphan,Donald J Trump
Kansas,Edwards,Donald J Trump
Kansas,Elk,Donald J Trump
Kansas,Ellis,Donald J Trump
Kansas,Franklin,Donald J Trump
Kansas,Geary,Donald J Trump
Kansas,Gove,Donald J Trump
Kansas,Gray,Donald J Trump
Kansas,Greenwood,Donald J Trump
Kansas,Harper,Donald J Trump
Kansas,Harvey,Donald J Trump
Kansas,Jackson,Donald J Trump
Kansas,Jefferson,Donald J Trump
Kansas,Kingman,Donald J Trump
Kansas,Labette,Donald J Trump
Kansas,Leavenworth,Donald J Trump
Kansas,Linn,Donald J Trump
Kansas,Mcpherson,Donald J Trump
Kansas,Marshall,Donald J Trump
Kansas,Miami,Donald J Trump
Kansas,Montgomery,Donald J Trump
Kansas,Morris,Donald J Trump
Kansas,Nemaha,Donald J Trump
Kansas,Neosho,Donald J Trump
Kansas,Osage,Donald J Trump
Kansas,Osborne,Donald J Trump
Kansas,Ottawa,Donald J Trump
Kansas,Phillips,Donald J Trump
Kansas,Pottawatomie,Donald J Trump
Kansas,Reno,Donald J Trump
Kansas,Rice,Donald J Trump
Kansas,Rooks,Donald J Trump
Kansas,Rush,Donald J Trump
Kansas,Russell,Donald J Trump
Kansas,Saline,Donald J Trump
Kansas,Scott,Donald J Trump
Kansas,Sedgwick,Donald J Trump
Kansas,Sheridan,Donald J Trump
Kansas,Sherman,Donald J Trump
Kansas,Sumner,Donald J Trump
Kansas,Thomas,Donald J Trump
Kansas,Trego,Donald J Trump
Kansas,Wabaunsee,Donald J Trump
Kansas,Wallace,Donald J Trump
Kansas,Woodson,Donald J Trump
Kentucky,Adair,Donald J Trump
Kentucky,Allen,Donald J Trump
Kentucky,Anderson,Donald J Trump
Kentucky,Ballard,Donald J Trump
Kentucky,Barren,Donald J Trump
Kentucky,Bath,Donald J Trump
Kentucky,Bell,Donald J Trump
Kentucky,Boone,Donald J Trump
Kentucky,Bourbon,Donald J Trump
Kentucky,Boyd,Donald J Trump
Kentucky,Boyle,Donald J Trump
Kentucky,Bracken,Donald J Trump
Kentucky,Breathitt,Donald J Trump
Kentucky,Breckinridge,Donald J Trump
Kentucky,Bullitt,Donald J Trump
Kentucky,Butler,Donald J Trump
Kentucky,Caldwell,Donald J Trump
Kentucky,Calloway,Donald J Trump
Kentucky,Campbell,Donald J Trump
Kentucky,Carlisle,Donald J Trump
Kentucky,Carroll,Donald J Trump
Kentucky,Carter,Donald J Trump
Kentucky,Casey,Donald J Trump
Kentucky,Christian,Donald J Trump
Kentucky,Clark,Donald J Trump
Kentucky,Clay,Donald J Trump
Kentucky,Clinton,Donald J Trump
Kentucky,Crittenden,Donald J Trump
Kentucky,Cumberland,Donald J Trump
Kentucky,Daviess,Donald J Trump
Kentucky,Edmonson,Donald J Trump
Kentucky,Elliott,Donald J Trump
Kentucky,Estill,Donald J Trump
Kentucky,Fleming,Donald J Trump
Kentucky,Floyd,Donald J Trump
Kentucky,Franklin,Donald J Trump
Kentucky,Fulton,Donald J Trump
Kentucky,Gallatin,Donald J Trump
Kentucky,Garrard,Donald J Trump
Kentucky,Grant,Donald J Trump
Kentucky,Graves,Donald J Trump
Kentucky,Grayson,Donald J Trump
Kentucky,Green,Donald J Trump
Kentucky,Greenup,Donald J Trump
Kentucky,Hancock,Donald J Trump
Kentucky,Hardin,Donald J Trump
Kentucky,Harlan,Donald J Trump
Kentucky,Harrison,Donald J Trump
Kentucky,Hart,Donald J Trump
Kentucky,Henderson,Donald J Trump
Kentucky,Henry,Donald J Trump
Kentucky,Hickman,Donald J Trump
Kentucky,Hopkins,Donald J Trump
Kentucky,Jackson,Donald J Trump
Kentucky,Jessamine,Donald J Trump
Kentucky,Johnson,Donald J Trump
Kentucky,Kenton,Donald J Trump
Kentucky,Knott,Donald J Trump
Kentucky,Knox,Donald J Trump
Kentucky,Larue,Donald J Trump
Kentucky,Laurel,Donald J Trump
Kentucky,Lawrence,Donald J Trump
Kentucky,Lee,Donald J Trump
Kentucky,Lewis,Donald J Trump
Kentucky,Lincoln,Donald J Trump
Kentucky,Livingston,Donald J Trump
Kentucky,Logan,Donald J Trump
Kentucky,Lyon,Donald J Trump
Kentucky,Mccracken,Donald J Trump
Kentucky,Mccreary,Donald J Trump
Kentucky,Madison,Donald J Trump
Kentucky,Magoffin,Donald J Trump
Kentucky,Marion,Donald J Trump
Kentucky,Marshall,Donald J Trump
Kentucky,Mason,Donald J Trump
Kentucky,Meade,Donald J Trump
Kentucky,Menifee,Donald J Trump
Kentucky,Mercer,Donald J Trump
Kentucky,Metcalfe,Donald J Trump
Kentucky,Montgomery,Donald J Trump
Kentucky,Morgan,Donald J Trump
Kentucky,Muhlenberg,Donald J Trump
Kentucky,Nelson,Donald J Trump
Kentucky,Nicholas,Donald J Trump
Kentucky,Ohio,Donald J Trump
Kentucky,Oldham,Donald J Trump
Kentucky,Owen,Donald J Trump
Kentucky,Owsley,Donald J Trump
Kentucky,Pendleton,Donald J Trump
Kentucky,Pike,Donald J Trump
Kentucky,Powell,Donald J Trump
Kentucky,Pulaski,Donald J Trump
Kentucky,Robertson,Donald J Trump
Kentucky,Rockcastle,Donald J Trump
Kentucky,Rowan,Donald J Trump
Kentucky,Russell,Donald J Trump
Kentucky,Scott,Donald J Trump
Kentucky,Shelby,Donald J Trump
Kentucky,Simpson,Donald J Trump
Kentucky,Spencer,Donald J Trump
Kentucky,Taylor,Donald J Trump
Kentucky,Todd,Donald J Trump
Kentucky,Trigg,Donald J Trump
Kentucky,Trimble,Donald J Trump
Kentucky,Union,Donald J Trump
Kentucky,Warren,Donald J Trump
Kentucky,Washington,Donald J Trump
Kentucky,Wayne,Donald J Trump
Kentucky,Webster,Donald J Trump
Kentucky,Whitley,Donald J Trump
Kentucky,Wolfe,Donald J Trump
Kentucky,Woodford,Donald J Trump
Louisiana,Acadia,Donald J Trump
Louisiana,Allen,Donald J Trump
Louisiana,Ascension,Donald J Trump
Louisiana,Assumption,Donald J Trump
Louisiana,Avoyelles,Donald J Trump
Louisiana,Beauregard,Donald J Trump
Louisiana,Bienville,Donald J Trump
Louisiana,Bossier,Donald J Trump
Louisiana,Calcasieu,Donald J Trump
Louisiana,Caldwell,Donald J Trump
Louisiana,Cameron,Donald J Trump
Louisiana,Catahoula,Donald J Trump
Louisiana,Claiborne,Donald J Trump
Louisiana,De Soto,Donald J Trump
Louisiana,East Feliciana,Donald J Trump
Louisiana,Evangeline,Donald J Trump
Louisiana,Franklin,Donald J Trump
Louisiana,Grant,Donald J Trump
Louisiana,Iberia,Donald J Trump
Louisiana,Jackson,Donald J Trump
Louisiana,Jefferson Davis,Donald J Trump
Louisiana,Lafayette,Donald J Trump
Louisiana,Lafourche,Donald J Trump
Louisiana,La Salle,Donald J Trump
Louisiana,Lincoln,Donald J Trump
Louisiana,Livingston,Donald J Trump
Louisiana,Natchitoches,Donald J Trump
Louisiana,Ouachita,Donald J Trump
Louisiana,Pointe Coupee,Donald J Trump
Louisiana,Rapides,Donald J Trump
Louisiana,Richland,Donald J Trump
Louisiana,Sabine,Donald J Trump
Louisiana,St. Charles,Donald J Trump
Louisiana,St. Landry,Donald J Trump
Louisiana,St. Martin,Donald J Trump
Louisiana,St. Mary,Donald J Trump
Louisiana,St. Tammany,Donald J Trump
Louisiana,Tangipahoa,Donald J Trump
Louisiana,Terrebonne,Donald J Trump
Louisiana,Union,Donald J Trump
Louisiana,Vermilion,Donald J Trump
Louisiana,Vernon,Donald J Trump
Louisiana,Washington,Donald J Trump
Louisiana,Webster,Donald J Trump
Louisiana,West Baton Rouge,Donald J Trump
Louisiana,West Carroll,Donald J Trump
Louisiana,West Feliciana,Donald J Trump
Maine,Aroostook,Donald J Trump
Maine,Penobscot,Donald J Trump
Maine,Piscataquis,Donald J Trump
Maine,Somerset,Donald J Trump
Maine,Washington,Donald J Trump
Michigan,Alcona,Donald J Trump
Michigan,Alger,Donald J Trump
Michigan,Allegan,Donald J Trump
Michigan,Alpena,Donald J Trump
Michigan,Antrim,Donald J Trump
Michigan,Arenac,Donald J Trump
Michigan,Baraga,Donald J Trump
Michigan,Barry,Donald J Trump
Michigan,Bay,Donald J Trump
Michigan,Benzie,Donald J Trump
Michigan,Berrien,Donald J Trump
Michigan,Branch,Donald J Trump
Michigan,Calhoun,Donald J Trump
Michigan,Cass,Donald J Trump
Michigan,Charlevoix,Donald J Trump
Michigan,Cheboygan,Donald J Trump
Michigan,Chippewa,Donald J Trump
Michigan,Clare,Donald J Trump
Michigan,Clinton,Donald J Trump
Michigan,Crawford,Donald J Trump
Michigan,Delta,Donald J Trump
Michigan,Dickinson,Donald J Trump
Michigan,Eaton,Donald J Trump
Michigan,Emmet,Donald J Trump
Michigan,Gladwin,Donald J Trump
Michigan,Grand Traverse,Donald J Trump
Michigan,Gratiot,Donald J Trump
Michigan,Hillsdale,Donald J Trump
Michigan,Houghton,Donald J Trump
Michigan,Huron,Donald J Trump
Michigan,Ionia,Donald J Trump
Michigan,Iosco,Donald J Trump
Michigan,Iron,Donald J Trump
Michigan,Jackson,Donald J Trump
Michigan,Kalkaska,Donald J Trump
Michigan,Keweenaw,Donald J Trump
Michigan,Lake,Donald J Trump
Michigan,Lapeer,Donald J Trump
Michigan,Lenawee,Donald J Trump
Michigan,Livingston,Donald J Trump
Michigan,Luce,Donald J Trump
Michigan,Mackinac,Donald J Trump
Michigan,Macomb,Donald J Trump
Michigan,Manistee,Donald J Trump
Michigan,Mason,Donald J Trump
Michigan,Mecosta,Donald J Trump
Michigan,Menominee,Donald J Trump
Michigan,Midland,Donald J Trump
Michigan,Missaukee,Donald J Trump
Michigan,Monroe,Donald J Trump
Michigan,Montcalm,Donald J Trump
Michigan,Montmorency,Donald J Trump
Michigan,Newaygo,Donald J Trump
Michigan,Oceana,Donald J Trump
Michigan,Ogemaw,Donald J Trump
Michigan,Osceola,Donald J Trump
Michigan,Oscoda,Donald J Trump
Michigan,Otsego,Donald J Trump
Michigan,Ottawa,Donald J Trump
Michigan,Presque Isle,Donald J Trump
Michigan,Roscommon,Donald J Trump
Michigan,St. Clair,Donald J Trump
Michigan,St. Joseph,Donald J Trump
Michigan,Sanilac,Donald J Trump
Michigan,Schoolcraft,Donald J Trump
Michigan,Shiawassee,Donald J Trump
Michigan,Tuscola,Donald J Trump
Michigan,Van Buren,Donald J Trump
Michigan,Wexford,Donald J Trump
Minnesota,Aitkin,Donald J Trump
Minnesota,Anoka,Donald J Trump
Minnesota,Becker,Donald J Trump
Minnesota,Beltrami,Donald J Trump
Minnesota,Benton,Donald J Trump
Minnesota,Big Stone,Donald J Trump
Minnesota,Brown,Donald J Trump
Minnesota,Carver,Donald J Trump
Minnesota,Cass,Donald J Trump
Minnesota,Chippewa,Donald J Trump
Minnesota,Chisago,Donald J Trump
Minnesota,Clearwater,Donald J Trump
Minnesota,Cottonwood,Donald J Trump
Minnesota,Crow Wing,Donald J Trump
Minnesota,Dodge,Donald J Trump
Minnesota,Douglas,Donald J Trump
Minnesota,Faribault,Donald J Trump
Minnesota,Fillmore,Donald J Trump
Minnesota,Goodhue,Donald J Trump
Minnesota,Grant,Donald J Trump
Minnesota,Houston,Donald J Trump
Minnesota,Hubbard,Donald J Trump
Minnesota,Isanti,Donald J Trump
Minnesota,Itasca,Donald J Trump
Minnesota,Jackson,Donald J Trump
Minnesota,Kanabec,Donald J Trump
Minnesota,Kandiyohi,Donald J Trump
Minnesota,Kittson,Donald J Trump
Minnesota,Koochiching,Donald J Trump
Minnesota,Lac Qui Parle,Donald J Trump
Minnesota,Lake Of The Woods,Donald J Trump
Minnesota,Le Sueur,Donald J Trump
Minnesota,Lincoln,Donald J Trump
Minnesota,Lyon,Donald J Trump
Minnesota,Marshall,Donald J Trump
Minnesota,Martin,Donald J Trump
Minnesota,Meeker,Donald J Trump
Minnesota,Mille Lacs,Donald J Trump
Minnesota,Morrison,Donald J Trump
Minnesota,Murray,Donald J Trump
Minnesota,Nobles,Donald J Trump
Minnesota,Otter Tail,Donald J Trump
Minnesota,Pennington,Donald J Trump
Minnesota,Pine,Donald J Trump
Minnesota,Pipestone,Donald J Trump
Minnesota,Polk,Donald J Trump
Minnesota,Pope,Donald J Trump
Minnesota,Red Lake,Donald J Trump
Minnesota,Redwood,Donald J Trump
Minnesota,Renville,Donald J Trump
Minnesota,Rice,Donald J Trump
Minnesota,Rock,Donald J Trump
Minnesota,Roseau,Donald J Trump
Minnesota,Scott,Donald J Trump
Minnesota,Sherburne,Donald J Trump
Minnesota,Sibley,Donald J Trump
Minnesota,Stearns,Donald J Trump
Minnesota,Steele,Donald J Trump
Minnesota,Stevens,Donald J Trump
Minnesota,Swift,Donald J Trump
Minnesota,Todd,Donald J Trump
Minnesota,Traverse,Donald J Trump
Minnesota,Wabasha,Donald J Trump
Minnesota,Wadena,Donald J Trump
Minnesota,Waseca,Donald J Trump
Minnesota,Watonwan,Donald J Trump
Minnesota,Wilkin,Donald J Trump
Minnesota,Wright,Donald J Trump
Minnesota,Yellow Medicine,Donald J Trump
Mississippi,Alcorn,Donald J Trump
Mississippi,Amite,Donald J Trump
Mississippi,Benton,Donald J Trump
Mississippi,Calhoun,Donald J Trump
Mississippi,Choctaw,Donald J Trump
Mississippi,Clarke,Donald J Trump
Mississippi,Covington,Donald J Trump
Mississippi,Desoto,Donald J Trump
Mississippi,Forrest,Donald J Trump
Mississippi,Franklin,Donald J Trump
Mississippi,George,Donald J Trump
Mississippi,Greene,Donald J Trump
Mississippi,Hancock,Donald J Trump
Mississippi,Harrison,Donald J Trump
Mississippi,Itawamba,Donald J Trump
Mississippi,Jackson,Donald J Trump
Mississippi,Jones,Donald J Trump
Mississippi,Lafayette,Donald J Trump
Mississippi,Lamar,Donald J Trump
Mississippi,Leake,Donald J Trump
Mississippi,Lee,Donald J Trump
Mississippi,Lincoln,Donald J Trump
Mississippi,Madison,Donald J Trump
Mississippi,Monroe,Donald J Trump
Mississippi,Neshoba,Donald J Trump
Mississippi,Newton,Donald J Trump
Mississippi,Pearl River,Donald J Trump
Mississippi,Perry,Donald J Trump
Mississippi,Pontotoc,Donald J Trump
Mississippi,Prentiss,Donald J Trump
Mississippi,Rankin,Donald J Trump
Mississippi,Smith,Donald J Trump
Mississippi,Stone,Donald J Trump
Mississippi,Tate,Donald J Trump
Mississippi,Tippah,Donald J Trump
Mississippi,Tishomingo,Donald J Trump
Mississippi,Union,Donald J Trump
Mississippi,Wayne,Donald J Trump
Mississippi,Webster,Donald J Trump
Mississippi,Yalobusha,Donald J Trump
Missouri,Adair,Donald J Trump
Missouri,Andrew,Donald J Trump
Missouri,Atchison,Donald J Trump
Missouri,Audrain,Donald J Trump
Missouri,Barry,Donald J Trump
Missouri,Barton,Donald J Trump
Missouri,Bates,Donald J Trump
Missouri,Benton,Donald J Trump
Missouri,Bollinger,Donald J Trump
Missouri,Buchanan,Donald J Trump
Missouri,Butler,Donald J Trump
Missouri,Caldwell,Donald J Trump
Missouri,Callaway,Donald J Trump
Missouri,Camden,Donald J Trump
Missouri,Cape Girardeau,Donald J Trump
Missouri,Carroll,Donald J Trump
Missouri,Carter,Donald J Trump
Missouri,Cass,Donald J Trump
Missouri,Cedar,Donald J Trump
Missouri,Chariton,Donald J Trump
Missouri,Christian,Donald J Trump
Missouri,Clark,Donald J Trump
Missouri,Clay,Donald J Trump
Missouri,Clinton,Donald J Trump
Missouri,Cole,Donald J Trump
Missouri,Cooper,Donald J Trump
Missouri,Crawford,Donald J Trump
Missouri,Dade,Donald J Trump
Missouri,Dallas,Donald J Trump
Missouri,Daviess,Donald J Trump
Missouri,Dekalb,Donald J Trump
Missouri,Dent,Donald J Trump
Missouri,Douglas,Donald J Trump
Missouri,Dunklin,Donald J Trump
Missouri,Franklin,Donald J Trump
Missouri,Gasconade,Donald J Trump
Missouri,Gentry,Donald J Trump
Missouri,Greene,Donald J Trump
Missouri,Grundy,Donald J Trump
Missouri,Harrison,Donald J Trump
Missouri,Henry,Donald J Trump
Missouri,Hickory,Donald J Trump
Missouri,Holt,Donald J Trump
Missouri,Howard,Donald J Trump
Missouri,Howell,Donald J Trump
Missouri,Iron,Donald J Trump
Missouri,Jasper,Donald J Trump
Missouri,Jefferson,Donald J Trump
Missouri,Johnson,Donald J Trump
Missouri,Knox,Donald J Trump
Missouri,Laclede,Donald J Trump
Missouri,Lafayette,Donald J Trump
Missouri,Lawrence,Donald J Trump
Missouri,Lewis,Donald J Trump
Missouri,Lincoln,Donald J Trump
Missouri,Linn,Donald J Trump
Missouri,Livingston,Donald J Trump
Missouri,Mcdonald,Donald J Trump
Missouri,Macon,Donald J Trump
Missouri,Madison,Donald J Trump
Missouri,Maries,Donald J Trump
Missouri,Marion,Donald J Trump
Missouri,Mercer,Donald J Trump
Missouri,Miller,Donald J Trump
Missouri,Moniteau,Donald J Trump
Missouri,Monroe,Donald J Trump
Missouri,Montgomery,Donald J Trump
Missouri,Morgan,Donald J Trump
Missouri,New Madrid,Donald J Trump
Missouri,Newton,Donald J Trump
Missouri,Nodaway,Donald J Trump
Missouri,Oregon,Donald J Trump
Missouri,Osage,Donald J Trump
Missouri,Ozark,Donald J Trump
Missouri,Pemiscot,Donald J Trump
Missouri,Perry,Donald J Trump
Missouri,Pettis,Donald J Trump
Missouri,Phelps,Donald J Trump
Missouri,Pike,Donald J Trump
Missouri,Platte,Donald J Trump
Missouri,Polk,Donald J Trump
Missouri,Pulaski,Donald J Trump
Missouri,Putnam,Donald J Trump
Missouri,Ralls,Donald J Trump
Missouri,Randolph,Donald J Trump
Missouri,Ray,Donald J Trump
Missouri,Reynolds,Donald J Trump
Missouri,Ripley,Donald J Trump
Missouri,St. Charles,Donald J Trump
Missouri,St. Clair,Donald J Trump
Missouri,Ste. Genevieve,Donald J Trump
Missouri,St. Francois,Donald J Trump
Missouri,Saline,Donald J Trump
Missouri,Schuyler,Donald J Trump
Missouri,Scotland,Donald J Trump
Missouri,Scott,Donald J Trump
Missouri,Shannon,Donald J Trump
Missouri,Shelby,Donald J Trump
Missouri,Stoddard,Donald J Trump
Missouri,Stone,Donald J Trump
Missouri,Sullivan,Donald J Trump
Missouri,Taney,Donald J Trump
Missouri,Texas,Donald J Trump
Missouri,Vernon,Donald J Trump
Missouri,Warren,Donald J Trump
Missouri,Washington,Donald J Trump
Missouri,Wayne,Donald J Trump
Missouri,Webster,Donald J Trump
Missouri,Worth,Donald J Trump
Missouri,Wright,Donald J Trump
Nevada,Churchill,Donald J Trump
Nevada,Douglas,Donald J Trump
Nevada,Elko,Donald J Trump
Nevada,Esmeralda,Donald J Trump
Nevada,Eureka,Donald J Trump
Nevada,Humboldt,Donald J Trump
Nevada,Lander,Donald J Trump
Nevada,Lincoln,Donald J Trump
Nevada,Lyon,Donald J Trump
Nevada,Mineral,Donald J Trump
Nevada,Nye,Donald J Trump
Nevada,Pershing,Donald J Trump
Nevada,Storey,Donald J Trump
Nevada,White Pine,Donald J Trump
Nevada,Carson City,Donald J Trump
New Hampshire,Belknap,Donald J Trump
New Jersey,Cape May,Donald J Trump
New Jersey,Hunterdon,Donald J Trump
New Jersey,Monmouth,Donald J Trump
New Jersey,Ocean,Donald J Trump
New Jersey,Salem,Donald J Trump
New Jersey,Sussex,Donald J Trump
New Jersey,Warren,Donald J Trump
New Mexico,Catron,Donald J Trump
New Mexico,Chaves,Donald J Trump
New Mexico,Eddy,Donald J Trump
New Mexico,Hidalgo,Donald J Trump
New Mexico,Lea,Donald J Trump
New Mexico,Lincoln,Donald J Trump
New Mexico,Luna,Donald J Trump
New Mexico,Otero,Donald J Trump
New Mexico,San Juan,Donald J Trump
New Mexico,Sierra,Donald J Trump
New Mexico,Torrance,Donald J Trump
New Mexico,Valencia,Donald J Trump
New York,Allegany,Donald J Trump
New York,Cattaraugus,Donald J Trump
New York,Cayuga,Donald J Trump
New York,Chautauqua,Donald J Trump
New York,Chemung,Donald J Trump
New York,Chenango,Donald J Trump
New York,Delaware,Donald J Trump
New York,Fulton,Donald J Trump
New York,Genesee,Donald J Trump
New York,Greene,Donald J Trump
New York,Herkimer,Donald J Trump
New York,Jefferson,Donald J Trump
New York,Lewis,Donald J Trump
New York,Livingston,Donald J Trump
New York,Madison,Donald J Trump
New York,Montgomery,Donald J Trump
New York,Niagara,Donald J Trump
New York,Oneida,Donald J Trump
New York,Ontario,Donald J Trump
New York,Orange,Donald J Trump
New York,Orleans,Donald J Trump
New York,Oswego,Donald J Trump
New York,Otsego,Donald J Trump
New York,Putnam,Donald J Trump
New York,Richmond,Donald J Trump
New York,St. Lawrence,Donald J Trump
New York,Schoharie,Donald J Trump
New York,Schuyler,Donald J Trump
New York,Seneca,Donald J Trump
New York,Steuben,Donald J Trump
New York,Suffolk,Donald J Trump
New York,Sullivan,Donald J Trump
New York,Tioga,Donald J Trump
New York,Warren,Donald J Trump
New York,Washington,Donald J Trump
New York,Wayne,Donald J Trump
New York,Wyoming,Donald J Trump
New York,Yates,Donald J Trump
North Dakota,Adams,Donald J Trump
North Dakota,Barnes,Donald J Trump
North Dakota,Billings,Donald J Trump
North Dakota,Bottineau,Donald J Trump
North Dakota,Burke,Donald J Trump
North Dakota,Burleigh,Donald J Trump
North Dakota,Cass,Donald J Trump
North Dakota,Divide,Donald J Trump
North Dakota,Dunn,Donald J Trump
North Dakota,Eddy,Donald J Trump
North Dakota,Emmons,Donald J Trump
North Dakota,Foster,Donald J Trump
North Dakota,Golden Valley,Donald J Trump
Oregon,Coos,Donald J Trump
North Dakota,Grant,Donald J Trump
North Dakota,Hettinger,Donald J Trump
North Dakota,Kidder,Donald J Trump
North Dakota,Lamoure,Donald J Trump
North Dakota,Logan,Donald J Trump
North Dakota,Mercer,Donald J Trump
North Dakota,Morton,Donald J Trump
North Dakota,Mountrail,Donald J Trump
North Dakota,Nelson,Donald J Trump
North Dakota,Oliver,Donald J Trump
North Dakota,Pierce,Donald J Trump
North Dakota,Ramsey,Donald J Trump
North Dakota,Renville,Donald J Trump
North Dakota,Sargent,Donald J Trump
North Dakota,Slope,Donald J Trump
North Dakota,Stark,Donald J Trump
North Dakota,Stutsman,Donald J Trump
North Dakota,Towner,Donald J Trump
North Dakota,Walsh,Donald J Trump
North Dakota,Ward,Donald J Trump
North Dakota,Wells,Donald J Trump
North Dakota,Williams,Donald J Trump
Oregon,Baker,Donald J Trump
Oregon,Columbia,Donald J Trump
Oregon,Crook,Donald J Trump
Oregon,Curry,Donald J Trump
Oregon,Douglas,Donald J Trump
Oregon,Gilliam,Donald J Trump
Oregon,Grant,Donald J Trump
North Dakota,McKenzie,Donald J Trump
North Dakota,McLean,Donald J Trump
Oregon,Harney,Donald J Trump
Oregon,Jackson,Donald J Trump
Oregon,Jefferson,Donald J Trump
Oregon,Josephine,Donald J Trump
Oregon,Klamath,Donald J Trump
Oregon,Lake,Donald J Trump
Oregon,Linn,Donald J Trump
Oregon,Malheur,Donald J Trump
Oregon,Morrow,Donald J Trump
Oregon,Polk,Donald J Trump
Oregon,Sherman,Donald J Trump
Oregon,Tillamook,Donald J Trump
Oregon,Umatilla,Donald J Trump
Oregon,Union,Donald J Trump
Oregon,Wallowa,Donald J Trump
Oregon,Wasco,Donald J Trump
Oregon,Wheeler,Donald J Trump
Oregon,Yamhill,Donald J Trump
Pennsylvania,Adams,Donald J Trump
Pennsylvania,Armstrong,Donald J Trump
Pennsylvania,Beaver,Donald J Trump
Pennsylvania,Bedford,Donald J Trump
Pennsylvania,Berks,Donald J Trump
Pennsylvania,Blair,Donald J Trump
Pennsylvania,Bradford,Donald J Trump
Pennsylvania,Butler,Donald J Trump
Pennsylvania,Cambria,Donald J Trump
Pennsylvania,Cameron,Donald J Trump
Pennsylvania,Carbon,Donald J Trump
Pennsylvania,Clarion,Donald J Trump
Pennsylvania,Clearfield,Donald J Trump
Pennsylvania,Clinton,Donald J Trump
Pennsylvania,Columbia,Donald J Trump
Pennsylvania,Crawford,Donald J Trump
Pennsylvania,Cumberland,Donald J Trump
Pennsylvania,Elk,Donald J Trump
Pennsylvania,Fayette,Donald J Trump
Pennsylvania,Forest,Donald J Trump
Pennsylvania,Franklin,Donald J Trump
Pennsylvania,Fulton,Donald J Trump
Pennsylvania,Greene,Donald J Trump
Pennsylvania,Huntingdon,Donald J Trump
Pennsylvania,Indiana,Donald J Trump
Pennsylvania,Jefferson,Donald J Trump
Pennsylvania,Juniata,Donald J Trump
Pennsylvania,Lancaster,Donald J Trump
Pennsylvania,Lawrence,Donald J Trump
Pennsylvania,Lebanon,Donald J Trump
Pennsylvania,Luzerne,Donald J Trump
Pennsylvania,Lycoming,Donald J Trump
Pennsylvania,Mckean,Donald J Trump
Pennsylvania,Mercer,Donald J Trump
Pennsylvania,Mifflin,Donald J Trump
Pennsylvania,Montour,Donald J Trump
Pennsylvania,Northumberland,Donald J Trump
Pennsylvania,Perry,Donald J Trump
Pennsylvania,Pike,Donald J Trump
Pennsylvania,Potter,Donald J Trump
Pennsylvania,Schuylkill,Donald J Trump
Pennsylvania,Snyder,Donald J Trump
Pennsylvania,Somerset,Donald J Trump
Pennsylvania,Sullivan,Donald J Trump
Pennsylvania,Susquehanna,Donald J Trump
Pennsylvania,Tioga,Donald J Trump
Pennsylvania,Union,Donald J Trump
Pennsylvania,Venango,Donald J Trump
Pennsylvania,Warren,Donald J Trump
Pennsylvania,Washington,Donald J Trump
Pennsylvania,Wayne,Donald J Trump
Pennsylvania,Westmoreland,Donald J Trump
Pennsylvania,Wyoming,Donald J Trump
Pennsylvania,York,Donald J Trump
Texas,Bell,Donald J Trump
Texas,Anderson,Donald J Trump
Texas,Andrews,Donald J Trump
Texas,Angelina,Donald J Trump
Texas,Aransas,Donald J Trump
Texas,Archer,Donald J Trump
Texas,Armstrong,Donald J Trump
Texas,Atascosa,Donald J Trump
Texas,Austin,Donald J Trump
Texas,Bandera,Donald J Trump
Texas,Bastrop,Donald J Trump
Texas,Baylor,Donald J Trump
Texas,Bee,Donald J Trump
Texas,Blanco,Donald J Trump
Texas,Borden,Donald J Trump
Texas,Bosque,Donald J Trump
Texas,Bowie,Donald J Trump
Texas,Brazoria,Donald J Trump
Texas,Brazos,Donald J Trump
Texas,Brewster,Donald J Trump
Texas,Briscoe,Donald J Trump
Texas,Brown,Donald J Trump
Texas,Burleson,Donald J Trump
Texas,Burnet,Donald J Trump
Texas,Caldwell,Donald J Trump
Texas,Calhoun,Donald J Trump
Texas,Callahan,Donald J Trump
Texas,Camp,Donald J Trump
Texas,Carson,Donald J Trump
Texas,Cass,Donald J Trump
Texas,Chambers,Donald J Trump
Texas,Cherokee,Donald J Trump
Texas,Childress,Donald J Trump
Texas,Clay,Donald J Trump
Texas,Coke,Donald J Trump
Texas,Coleman,Donald J Trump
Texas,Collin,Donald J Trump
Texas,Colorado,Donald J Trump
Texas,Comal,Donald J Trump
Texas,Comanche,Donald J Trump
Texas,Concho,Donald J Trump
Texas,Cooke,Donald J Trump
Texas,Coryell,Donald J Trump
Texas,Delta,Donald J Trump
Texas,Denton,Donald J Trump
Texas,Dewitt,Donald J Trump
Texas,Dickens,Donald J Trump
Texas,Donley,Donald J Trump
Texas,Eastland,Donald J Trump
Texas,Ector,Donald J Trump
Texas,Edwards,Donald J Trump
Texas,Ellis,Donald J Trump
Texas,Erath,Donald J Trump
Texas,Falls,Donald J Trump
Texas,Fannin,Donald J Trump
Texas,Fayette,Donald J Trump
Texas,Fisher,Donald J Trump
Texas,Foard,Donald J Trump
Texas,Franklin,Donald J Trump
Texas,Freestone,Donald J Trump
Texas,Frio,Donald J Trump
Texas,Gaines,Donald J Trump
Texas,Galveston,Donald J Trump
Texas,Gillespie,Donald J Trump
Texas,Glasscock,Donald J Trump
Texas,Goliad,Donald J Trump
Texas,Gonzales,Donald J Trump
Texas,Grayson,Donald J Trump
Texas,Gregg,Donald J Trump
Texas,Grimes,Donald J Trump
Texas,Guadalupe,Donald J Trump
Texas,Hall,Donald J Trump
Texas,Hamilton,Donald J Trump
Texas,Hardeman,Donald J Trump
Texas,Hardin,Donald J Trump
Texas,Harrison,Donald J Trump
Texas,Hartley,Donald J Trump
Texas,Haskell,Donald J Trump
Texas,Hemphill,Donald J Trump
Texas,Henderson,Donald J Trump
Texas,Hill,Donald J Trump
Texas,Hockley,Donald J Trump
Texas,Hood,Donald J Trump
Texas,Hopkins,Donald J Trump
Texas,Houston,Donald J Trump
Texas,Howard,Donald J Trump
Texas,Hudspeth,Donald J Trump
Texas,Hunt,Donald J Trump
Texas,Irion,Donald J Trump
Texas,Jack,Donald J Trump
Texas,Jackson,Donald J Trump
Texas,Jasper,Donald J Trump
Texas,Jeff Davis,Donald J Trump
Texas,Jefferson,Donald J Trump
Texas,Jim Wells,Donald J Trump
Texas,Johnson,Donald J Trump
Texas,Jones,Donald J Trump
Texas,Karnes,Donald J Trump
Texas,Kaufman,Donald J Trump
Texas,Kendall,Donald J Trump
Texas,Kenedy,Donald J Trump
Texas,Kent,Donald J Trump
Texas,Kerr,Donald J Trump
Texas,Kimble,Donald J Trump
Texas,King,Donald J Trump
Texas,Kinney,Donald J Trump
Texas,Kleberg,Donald J Trump
Texas,Knox,Donald J Trump
Texas,Lamar,Donald J Trump
Texas,Lamb,Donald J Trump
Texas,Lampasas,Donald J Trump
Texas,La Salle,Donald J Trump
Texas,Lavaca,Donald J Trump
Texas,Lee,Donald J Trump
Texas,Leon,Donald J Trump
Texas,Liberty,Donald J Trump
Texas,Limestone,Donald J Trump
Texas,Lipscomb,Donald J Trump
Texas,Live Oak,Donald J Trump
Texas,Llano,Donald J Trump
Texas,Lubbock,Donald J Trump
Texas,Lynn,Donald J Trump
Texas,Mcculloch,Donald J Trump
Texas,Mclennan,Donald J Trump
Texas,Madison,Donald J Trump
Texas,Marion,Donald J Trump
Texas,Martin,Donald J Trump
Texas,Mason,Donald J Trump
Texas,Matagorda,Donald J Trump
Texas,Medina,Donald J Trump
Texas,Menard,Donald J Trump
Texas,Midland,Donald J Trump
Texas,Milam,Donald J Trump
Texas,Mills,Donald J Trump
Texas,Mitchell,Donald J Trump
Texas,Montague,Donald J Trump
Texas,Montgomery,Donald J Trump
Texas,Morris,Donald J Trump
Texas,Motley,Donald J Trump
Texas,Nacogdoches,Donald J Trump
Texas,Navarro,Donald J Trump
Texas,Newton,Donald J Trump
Texas,Nolan,Donald J Trump
Texas,Nueces,Donald J Trump
Texas,Oldham,Donald J Trump
Texas,Orange,Donald J Trump
Texas,Palo Pinto,Donald J Trump
Texas,Panola,Donald J Trump
Texas,Parker,Donald J Trump
Texas,Pecos,Donald J Trump
Texas,Polk,Donald J Trump
Texas,Potter,Donald J Trump
Texas,Rains,Donald J Trump
Texas,Randall,Donald J Trump
Texas,Real,Donald J Trump
Texas,Red River,Donald J Trump
Texas,Reeves,Donald J Trump
Texas,Roberts,Donald J Trump
Texas,Robertson,Donald J Trump
Texas,Rockwall,Donald J Trump
Texas,Runnels,Donald J Trump
Texas,Rusk,Donald J Trump
Texas,Sabine,Donald J Trump
Texas,San Augustine,Donald J Trump
Texas,San Jacinto,Donald J Trump
Texas,San Patricio,Donald J Trump
Texas,San Saba,Donald J Trump
Texas,Scurry,Donald J Trump
Texas,Shackelford,Donald J Trump
Texas,Shelby,Donald J Trump
Texas,Smith,Donald J Trump
Texas,Somervell,Donald J Trump
Texas,Stephens,Donald J Trump
Texas,Sterling,Donald J Trump
Texas,Stonewall,Donald J Trump
Texas,Sutton,Donald J Trump
Texas,Swisher,Donald J Trump
Texas,Taylor,Donald J Trump
Texas,Throckmorton,Donald J Trump
Texas,Titus,Donald J Trump
Texas,Tom Green,Donald J Trump
Texas,Trinity,Donald J Trump
Texas,Tyler,Donald J Trump
Texas,Upshur,Donald J Trump
Texas,Upton,Donald J Trump
Texas,Uvalde,Donald J Trump
Texas,Val Verde,Donald J Trump
Texas,Van Zandt,Donald J Trump
Texas,Victoria,Donald J Trump
Texas,Walker,Donald J Trump
Texas,Waller,Donald J Trump
Texas,Ward,Donald J Trump
Texas,Washington,Donald J Trump
Texas,Wharton,Donald J Trump
Texas,Wheeler,Donald J Trump
Texas,Wilson,Donald J Trump
Texas,Winkler,Donald J Trump
Texas,Wise,Donald J Trump
Texas,Wood,Donald J Trump
Texas,Young,Donald J Trump
Vermont,Essex,Donald J Trump
West Virginia,Barbour,Donald J Trump
West Virginia,Berkeley,Donald J Trump
West Virginia,Boone,Donald J Trump
West Virginia,Braxton,Donald J Trump
West Virginia,Brooke,Donald J Trump
West Virginia,Cabell,Donald J Trump
West Virginia,Calhoun,Donald J Trump
West Virginia,Clay,Donald J Trump
West Virginia,Doddridge,Donald J Trump
West Virginia,Fayette,Donald J Trump
West Virginia,Gilmer,Donald J Trump
West Virginia,Grant,Donald J Trump
West Virginia,Greenbrier,Donald J Trump
West Virginia,Hampshire,Donald J Trump
West Virginia,Hancock,Donald J Trump
West Virginia,Hardy,Donald J Trump
West Virginia,Harrison,Donald J Trump
West Virginia,Jackson,Donald J Trump
West Virginia,Jefferson,Donald J Trump
West Virginia,Kanawha,Donald J Trump
West Virginia,Lewis,Donald J Trump
West Virginia,Lincoln,Donald J Trump
West Virginia,Logan,Donald J Trump
West Virginia,Mcdowell,Donald J Trump
West Virginia,Marion,Donald J Trump
West Virginia,Marshall,Donald J Trump
West Virginia,Mason,Donald J Trump
West Virginia,Mercer,Donald J Trump
West Virginia,Mineral,Donald J Trump
West Virginia,Mingo,Donald J Trump
West Virginia,Monongalia,Donald J Trump
West Virginia,Monroe,Donald J Trump
West Virginia,Morgan,Donald J Trump
West Virginia,Nicholas,Donald J Trump
West Virginia,Ohio,Donald J Trump
West Virginia,Pendleton,Donald J Trump
West Virginia,Pleasants,Donald J Trump
West Virginia,Pocahontas,Donald J Trump
West Virginia,Preston,Donald J Trump
West Virginia,Putnam,Donald J Trump
West Virginia,Raleigh,Donald J Trump
West Virginia,Randolph,Donald J Trump
West Virginia,Ritchie,Donald J Trump
West Virginia,Roane,Donald J Trump
West Virginia,Summers,Donald J Trump
West Virginia,Taylor,Donald J Trump
West Virginia,Tucker,Donald J Trump
West Virginia,Tyler,Donald J Trump
West Virginia,Upshur,Donald J Trump
West Virginia,Wayne,Donald J Trump
West Virginia,Webster,Donald J Trump
West Virginia,Wetzel,Donald J Trump
West Virginia,Wirt,Donald J Trump
West Virginia,Wood,Donald J Trump
West Virginia,Wyoming,Donald J Trump
Maryland,St Mary'S,Donald J Trump
Montana,Beaverhead,Donald J Trump
Montana,Broadwater,Donald J Trump
Montana,Carbon,Donald J Trump
Montana,Carter,Donald J Trump
Montana,Cascade,Donald J Trump
Montana,Custer,Donald J Trump
Montana,Daniels,Donald J Trump
Montana,Dawson,Donald J Trump
Montana,Fallon,Donald J Trump
Montana,Fergus,Donald J Trump
Montana,Flathead,Donald J Trump
Montana,Garfield,Donald J Trump
Montana,Golden Valley,Donald J Trump
Montana,Granite,Donald J Trump
Montana,Hill,Donald J Trump
Montana,Jefferson,Donald J Trump
Montana,Lake,Donald J Trump
Montana,Lewis And Clark,Donald J Trump
Montana,Liberty,Donald J Trump
Montana,Lincoln,Donald J Trump
Montana,Mccone,Donald J Trump
Montana,Madison,Donald J Trump
Montana,Meagher,Donald J Trump
Montana,Mineral,Donald J Trump
Montana,Musselshell,Donald J Trump
Montana,Park,Donald J Trump
Montana,Petroleum,Donald J Trump
Montana,Phillips,Donald J Trump
Montana,Pondera,Donald J Trump
Montana,Powder River,Donald J Trump
Montana,Powell,Donald J Trump
Montana,Prairie,Donald J Trump
Montana,Ravalli,Donald J Trump
Montana,Richland,Donald J Trump
Montana,Rosebud,Donald J Trump
Montana,Sanders,Donald J Trump
Montana,Sheridan,Donald J Trump
Montana,Stillwater,Donald J Trump
Montana,Sweet Grass,Donald J Trump
Montana,Teton,Donald J Trump
Montana,Treasure,Donald J Trump
Montana,Valley,Donald J Trump
Montana,Wheatland,Donald J Trump
Montana,Wibaux,Donald J Trump
Montana,Yellowstone,Donald J Trump
Nebraska,Adams,Donald J Trump
Nebraska,Antelope,Donald J Trump
Nebraska,Arthur,Donald J Trump
Nebraska,Boone,Donald J Trump
Nebraska,Box Butte,Donald J Trump
Nebraska,Boyd,Donald J Trump
Nebraska,Brown,Donald J Trump
Nebraska,Buffalo,Donald J Trump
Nebraska,Burt,Donald J Trump
Nebraska,Butler,Donald J Trump
Nebraska,Cass,Donald J Trump
Nebraska,Cedar,Donald J Trump
Nebraska,Chase,Donald J Trump
Nebraska,Cherry,Donald J Trump
Nebraska,Cheyenne,Donald J Trump
Nebraska,Clay,Donald J Trump
Nebraska,Colfax,Donald J Trump
Nebraska,Cuming,Donald J Trump
Nebraska,Custer,Donald J Trump
Nebraska,Dakota,Donald J Trump
Nebraska,Dawes,Donald J Trump
Nebraska,Dawson,Donald J Trump
Nebraska,Deuel,Donald J Trump
Nebraska,Dixon,Donald J Trump
Nebraska,Dodge,Donald J Trump
Nebraska,Dundy,Donald J Trump
Nebraska,Fillmore,Donald J Trump
Nebraska,Franklin,Donald J Trump
Nebraska,Frontier,Donald J Trump
Nebraska,Furnas,Donald J Trump
Nebraska,Gage,Donald J Trump
Nebraska,Garden,Donald J Trump
Nebraska,Garfield,Donald J Trump
Nebraska,Gosper,Donald J Trump
Nebraska,Grant,Donald J Trump
Nebraska,Greeley,Donald J Trump
Nebraska,Hall,Donald J Trump
Nebraska,Hamilton,Donald J Trump
Nebraska,Harlan,Donald J Trump
Nebraska,Hitchcock,Donald J Trump
Nebraska,Holt,Donald J Trump
Nebraska,Howard,Donald J Trump
Nebraska,Jefferson,Donald J Trump
Nebraska,Johnson,Donald J Trump
Nebraska,Kearney,Donald J Trump
Nebraska,Keith,Donald J Trump
Nebraska,Keya Paha,Donald J Trump
Nebraska,Kimball,Donald J Trump
Nebraska,Knox,Donald J Trump
Nebraska,Lincoln,Donald J Trump
Nebraska,Logan,Donald J Trump
Nebraska,Loup,Donald J Trump
Nebraska,Mcpherson,Donald J Trump
Nebraska,Madison,Donald J Trump
Nebraska,Merrick,Donald J Trump
Nebraska,Morrill,Donald J Trump
Nebraska,Nance,Donald J Trump
Nebraska,Otoe,Donald J Trump
Nebraska,Pawnee,Donald J Trump
Nebraska,Perkins,Donald J Trump
Nebraska,Phelps,Donald J Trump
Nebraska,Pierce,Donald J Trump
Nebraska,Platte,Donald J Trump
Nebraska,Polk,Donald J Trump
Nebraska,Red Willow,Donald J Trump
Nebraska,Richardson,Donald J Trump
Nebraska,Rock,Donald J Trump
Nebraska,Saline,Donald J Trump
Nebraska,Sarpy,Donald J Trump
Nebraska,Saunders,Donald J Trump
Nebraska,Scotts Bluff,Donald J Trump
Nebraska,Seward,Donald J Trump
Nebraska,Sheridan,Donald J Trump
Nebraska,Sherman,Donald J Trump
Nebraska,Stanton,Donald J Trump
Nebraska,Thayer,Donald J Trump
Nebraska,Valley,Donald J Trump
Nebraska,Washington,Donald J Trump
Nebraska,Wayne,Donald J Trump
Nebraska,Webster,Donald J Trump
Nebraska,Wheeler,Donald J Trump
Ohio,Adams,Donald J Trump
Ohio,Allen,Donald J Trump
Ohio,Ashland,Donald J Trump
Ohio,Ashtabula,Donald J Trump
Ohio,Auglaize,Donald J Trump
Ohio,Belmont,Donald J Trump
Ohio,Brown,Donald J Trump
Ohio,Butler,Donald J Trump
Ohio,Carroll,Donald J Trump
Ohio,Champaign,Donald J Trump
Ohio,Clark,Donald J Trump
Ohio,Clermont,Donald J Trump
Ohio,Clinton,Donald J Trump
Ohio,Columbiana,Donald J Trump
Ohio,Coshocton,Donald J Trump
Ohio,Crawford,Donald J Trump
Ohio,Darke,Donald J Trump
Ohio,Defiance,Donald J Trump
Ohio,Delaware,Donald J Trump
Ohio,Fairfield,Donald J Trump
Ohio,Fayette,Donald J Trump
Ohio,Fulton,Donald J Trump
Ohio,Gallia,Donald J Trump
Ohio,Geauga,Donald J Trump
Ohio,Greene,Donald J Trump
Ohio,Guernsey,Donald J Trump
Ohio,Hancock,Donald J Trump
Ohio,Hardin,Donald J Trump
Ohio,Harrison,Donald J Trump
Ohio,Henry,Donald J Trump
Ohio,Highland,Donald J Trump
Ohio,Hocking,Donald J Trump
Ohio,Holmes,Donald J Trump
Ohio,Huron,Donald J Trump
Ohio,Jackson,Donald J Trump
Ohio,Jefferson,Donald J Trump
Ohio,Knox,Donald J Trump
Ohio,Lake,Donald J Trump
Ohio,Lawrence,Donald J Trump
Ohio,Licking,Donald J Trump
Ohio,Logan,Donald J Trump
Ohio,Madison,Donald J Trump
Ohio,Marion,Donald J Trump
Ohio,Medina,Donald J Trump
Ohio,Meigs,Donald J Trump
Ohio,Mercer,Donald J Trump
Ohio,Miami,Donald J Trump
Ohio,Monroe,Donald J Trump
Ohio,Morgan,Donald J Trump
Ohio,Morrow,Donald J Trump
Ohio,Muskingum,Donald J Trump
Ohio,Noble,Donald J Trump
Ohio,Ottawa,Donald J Trump
Ohio,Paulding,Donald J Trump
Ohio,Perry,Donald J Trump
Ohio,Pickaway,Donald J Trump
Ohio,Pike,Donald J Trump
Ohio,Portage,Donald J Trump
Ohio,Preble,Donald J Trump
Ohio,Putnam,Donald J Trump
Ohio,Richland,Donald J Trump
Ohio,Ross,Donald J Trump
Ohio,Sandusky,Donald J Trump
Ohio,Scioto,Donald J Trump
Ohio,Seneca,Donald J Trump
Ohio,Shelby,Donald J Trump
Ohio,Stark,Donald J Trump
Ohio,Tuscarawas,Donald J Trump
Ohio,Union,Donald J Trump
Ohio,Van Wert,Donald J Trump
Ohio,Vinton,Donald J Trump
Ohio,Warren,Donald J Trump
Ohio,Washington,Donald J Trump
Ohio,Wayne,Donald J Trump
Ohio,Williams,Donald J Trump
Ohio,Wood,Donald J Trump
Ohio,Wyandot,Donald J Trump
South Dakota,Aurora,Donald J Trump
South Dakota,Bon Homme,Donald J Trump
South Dakota,Butte,Donald J Trump
South Dakota,Campbell,Donald J Trump
South Dakota,Codington,Donald J Trump
South Dakota,Custer,Donald J Trump
South Dakota,Davison,Donald J Trump
South Dakota,Day,Donald J Trump
South Dakota,Deuel,Donald J Trump
South Dakota,Edmunds,Donald J Trump
South Dakota,Fall River,Donald J Trump
South Dakota,Faulk,Donald J Trump
South Dakota,Grant,Donald J Trump
South Dakota,Gregory,Donald J Trump
South Dakota,Haakon,Donald J Trump
South Dakota,Hamlin,Donald J Trump
South Dakota,Hanson,Donald J Trump
South Dakota,Harding,Donald J Trump
South Dakota,Hutchinson,Donald J Trump
South Dakota,Jackson,Donald J Trump
South Dakota,Kingsbury,Donald J Trump
South Dakota,Lawrence,Donald J Trump
South Dakota,Lincoln,Donald J Trump
South Dakota,Lyman,Donald J Trump
South Dakota,Mccook,Donald J Trump
South Dakota,Marshall,Donald J Trump
South Dakota,Meade,Donald J Trump
South Dakota,Minnehaha,Donald J Trump
South Dakota,Moody,Donald J Trump
South Dakota,Pennington,Donald J Trump
South Dakota,Perkins,Donald J Trump
South Dakota,Sanborn,Donald J Trump
South Dakota,Stanley,Donald J Trump
South Dakota,Sully,Donald J Trump
South Dakota,Turner,Donald J Trump
South Dakota,Union,Donald J Trump
South Dakota,Yankton,Donald J Trump
Tennessee,Anderson,Donald J Trump
Tennessee,Bedford,Donald J Trump
Tennessee,Benton,Donald J Trump
Tennessee,Bledsoe,Donald J Trump
Tennessee,Blount,Donald J Trump
Tennessee,Bradley,Donald J Trump
Tennessee,Campbell,Donald J Trump
Tennessee,Cannon,Donald J Trump
Tennessee,Carroll,Donald J Trump
Tennessee,Carter,Donald J Trump
Tennessee,Cheatham,Donald J Trump
Tennessee,Chester,Donald J Trump
Tennessee,Claiborne,Donald J Trump
Tennessee,Clay,Donald J Trump
Tennessee,Cocke,Donald J Trump
Tennessee,Coffee,Donald J Trump
Tennessee,Crockett,Donald J Trump
Tennessee,Cumberland,Donald J Trump
Tennessee,Decatur,Donald J Trump
Tennessee,Dekalb,Donald J Trump
Tennessee,Dickson,Donald J Trump
Tennessee,Dyer,Donald J Trump
Tennessee,Fayette,Donald J Trump
Tennessee,Fentress,Donald J Trump
Tennessee,Franklin,Donald J Trump
Tennessee,Gibson,Donald J Trump
Tennessee,Giles,Donald J Trump
Tennessee,Grainger,Donald J Trump
Tennessee,Greene,Donald J Trump
Tennessee,Grundy,Donald J Trump
Tennessee,Hamblen,Donald J Trump
Tennessee,Hamilton,Donald J Trump
Tennessee,Hancock,Donald J Trump
Tennessee,Hardin,Donald J Trump
Tennessee,Hawkins,Donald J Trump
Tennessee,Henderson,Donald J Trump
Tennessee,Henry,Donald J Trump
Tennessee,Hickman,Donald J Trump
Tennessee,Houston,Donald J Trump
Tennessee,Humphreys,Donald J Trump
Tennessee,Jackson,Donald J Trump
Tennessee,Jefferson,Donald J Trump
Tennessee,Johnson,Donald J Trump
Tennessee,Knox,Donald J Trump
Tennessee,Lake,Donald J Trump
Tennessee,Lauderdale,Donald J Trump
Tennessee,Lawrence,Donald J Trump
Tennessee,Lewis,Donald J Trump
Tennessee,Lincoln,Donald J Trump
Tennessee,Loudon,Donald J Trump
Tennessee,Mcminn,Donald J Trump
Tennessee,Mcnairy,Donald J Trump
Tennessee,Macon,Donald J Trump
Tennessee,Madison,Donald J Trump
Tennessee,Marion,Donald J Trump
Tennessee,Marshall,Donald J Trump
Tennessee,Maury,Donald J Trump
Tennessee,Meigs,Donald J Trump
Tennessee,Monroe,Donald J Trump
Tennessee,Montgomery,Donald J Trump
Tennessee,Moore,Donald J Trump
Tennessee,Morgan,Donald J Trump
Tennessee,Obion,Donald J Trump
Tennessee,Overton,Donald J Trump
Tennessee,Perry,Donald J Trump
Tennessee,Pickett,Donald J Trump
Tennessee,Polk,Donald J Trump
Tennessee,Putnam,Donald J Trump
Tennessee,Rhea,Donald J Trump
Tennessee,Roane,Donald J Trump
Tennessee,Robertson,Donald J Trump
Tennessee,Rutherford,Donald J Trump
Tennessee,Scott,Donald J Trump
Tennessee,Sequatchie,Donald J Trump
Tennessee,Sevier,Donald J Trump
Tennessee,Smith,Donald J Trump
Tennessee,Stewart,Donald J Trump
Tennessee,Sullivan,Donald J Trump
Tennessee,Sumner,Donald J Trump
Tennessee,Tipton,Donald J Trump
Tennessee,Trousdale,Donald J Trump
Tennessee,Unicoi,Donald J Trump
Tennessee,Union,Donald J Trump
Tennessee,Van Buren,Donald J Trump
Tennessee,Warren,Donald J Trump
Tennessee,Washington,Donald J Trump
Tennessee,Wayne,Donald J Trump
Tennessee,Weakley,Donald J Trump
Tennessee,White,Donald J Trump
Tennessee,Williamson,Donald J Trump
Tennessee,Wilson,Donald J Trump
Utah,Beaver,Donald J Trump
Utah,Cache,Donald J Trump
Utah,Carbon,Donald J Trump
Utah,Daggett,Donald J Trump
Utah,Davis,Donald J Trump
Utah,Duchesne,Donald J Trump
Utah,Emery,Donald J Trump
Utah,Garfield,Donald J Trump
Utah,Iron,Donald J Trump
Utah,Juab,Donald J Trump
Utah,Kane,Donald J Trump
Utah,Millard,Donald J Trump
Utah,Morgan,Donald J Trump
Utah,Piute,Donald J Trump
Utah,Rich,Donald J Trump
Utah,San Juan,Donald J Trump
Utah,Sanpete,Donald J Trump
Utah,Sevier,Donald J Trump
Utah,Tooele,Donald J Trump
Utah,Uintah,Donald J Trump
Utah,Utah,Donald J Trump
Utah,Wasatch,Donald J Trump
Utah,Washington,Donald J Trump
Utah,Wayne,Donald J Trump
Utah,Weber,Donald J Trump
Virginia,Bristol City,Donald J Trump
Virginia,Buena Vista City,Donald J Trump
Virginia,Colonial Heights City,Donald J Trump
Virginia,Covington City,Donald J Trump
Virginia,Galax City,Donald J Trump
Virginia,Norton City,Donald J Trump
Virginia,Poquoson City,Donald J Trump
Virginia,Salem City,Donald J Trump
Washington,Adams,Donald J Trump
Washington,Asotin,Donald J Trump
Washington,Benton,Donald J Trump
Washington,Chelan,Donald J Trump
Washington,Columbia,Donald J Trump
Washington,Cowlitz,Donald J Trump
Washington,Douglas,Donald J Trump
Washington,Ferry,Donald J Trump
Washington,Franklin,Donald J Trump
Washington,Garfield,Donald J Trump
Washington,Grant,Donald J Trump
Washington,Grays Harbor,Donald J Trump
Washington,Kittitas,Donald J Trump
Washington,Klickitat,Donald J Trump
Washington,Lewis,Donald J Trump
Washington,Lincoln,Donald J Trump
Washington,Mason,Donald J Trump
Washington,Okanogan,Donald J Trump
Washington,Pacific,Donald J Trump
Washington,Pend Oreille,Donald J Trump
Washington,Skamania,Donald J Trump
Washington,Spokane,Donald J Trump
Washington,Stevens,Donald J Trump
Washington,Wahkiakum,Donald J Trump
Washington,Walla Walla,Donald J Trump
Washington,Yakima,Donald J Trump
Wisconsin,Adams,Donald J Trump
Wisconsin,Barron,Donald J Trump
Wisconsin,Brown,Donald J Trump
Wisconsin,Buffalo,Donald J Trump
Wisconsin,Burnett,Donald J Trump
Wisconsin,Calumet,Donald J Trump
Wisconsin,Chippewa,Donald J Trump
Wisconsin,Clark,Donald J Trump
Wisconsin,Dodge,Donald J Trump
Wisconsin,Dunn,Donald J Trump
Wisconsin,Florence,Donald J Trump
Wisconsin,Fond Du Lac,Donald J Trump
Wisconsin,Forest,Donald J Trump
Wisconsin,Green Lake,Donald J Trump
Wisconsin,Iron,Donald J Trump
Wisconsin,Jackson,Donald J Trump
Wisconsin,Jefferson,Donald J Trump
Wisconsin,Juneau,Donald J Trump
Wisconsin,Kewaunee,Donald J Trump
Wisconsin,Lafayette,Donald J Trump
Wisconsin,Langlade,Donald J Trump
Wisconsin,Lincoln,Donald J Trump
Wisconsin,Manitowoc,Donald J Trump
Wisconsin,Marathon,Donald J Trump
Wisconsin,Marinette,Donald J Trump
Wisconsin,Marquette,Donald J Trump
Wisconsin,Monroe,Donald J Trump
Wisconsin,Oconto,Donald J Trump
Wisconsin,Oneida,Donald J Trump
Wisconsin,Outagamie,Donald J Trump
Wisconsin,Pepin,Donald J Trump
Wisconsin,Pierce,Donald J Trump
Wisconsin,Polk,Donald J Trump
Wisconsin,Price,Donald J Trump
Wisconsin,Racine,Donald J Trump
Wisconsin,Rusk,Donald J Trump
Wisconsin,St. Croix,Donald J Trump
Wisconsin,Sawyer,Donald J Trump
Wisconsin,Shawano,Donald J Trump
Wisconsin,Sheboygan,Donald J Trump
Wisconsin,Taylor,Donald J Trump
Wisconsin,Trempealeau,Donald J Trump
Wisconsin,Vilas,Donald J Trump
Wisconsin,Walworth,Donald J Trump
Wisconsin,Washburn,Donald J Trump
Wisconsin,Washington,Donald J Trump
Wisconsin,Waupaca,Donald J Trump
Wisconsin,Waushara,Donald J Trump
Wisconsin,Wood,Donald J Trump
Wyoming,Big Horn,Donald J Trump
Wyoming,Campbell,Donald J Trump
Wyoming,Carbon,Donald J Trump
Wyoming,Converse,Donald J Trump
Wyoming,Crook,Donald J Trump
Wyoming,Fremont,Donald J Trump
Wyoming,Goshen,Donald J Trump
Wyoming,Hot Springs,Donald J Trump
Wyoming,Johnson,Donald J Trump
Wyoming,Laramie,Donald J Trump
Wyoming,Lincoln,Donald J Trump
Wyoming,Natrona,Donald J Trump
Wyoming,Niobrara,Donald J Trump
Wyoming,Park,Donald J Trump
Wyoming,Platte,Donald J Trump
Wyoming,Sheridan,Donald J Trump
Wyoming,Sublette,Donald J Trump
Wyoming,Sweetwater,Donald J Trump
Wyoming,Uinta,Donald J Trump
Wyoming,Washakie,Donald J Trump
Wyoming,Weston,Donald J Trump
Illinois,McHenry,Donald J Trump
North Dakota,McHenry,Donald J Trump
Illinois,McLean,Joseph R Biden Jr
Kentucky,McLean,Donald J Trump
Minnesota,McLeod,Donald J Trump
